<?xml version="1.0" encoding="iso-8859-1"?>
<!DOCTYPE metadata SYSTEM "http://www.fgdc.gov/metadata/fgdc-std-001-1998.dtd" [
 <!ENTITY dc.title "California Zipcodes">
 <!ENTITY dc.date "2008-04-20">
 <!ENTITY onlink "http://casil.ucdavis.edu/">
 <!ENTITY geoform "geospatial data">
 <!ENTITY supplinf "This dataset has been modified by the
    California Spatial Information Library URL:http://gis.ca.gov to fit 
	within it's framework specifications.

">
 <!ENTITY place "
 <place>
  <!-- CaSIL default place keywords-->
  <placekt>FIPS Publication 55-3 URL:http://geonames.usgs.gov</placekt>
  <placekey>California</placekey>
  <placekey>CA</placekey>	
 </place>">
 <!ENTITY spdom "
 <spdom>
   <!-- CaSIL default spatial domain-->
   <bounding>
     <westbc>-125</westbc>
     <eastbc>-114</eastbc>
     <northbc>41</northbc>
     <southbc>32</southbc>
   </bounding>
 </spdom>">
]>
<!--CaSIL entries -->
<metadata>
  <idinfo>
    <citation>
      <citeinfo>
	<origin>California Spatial Information Library</origin>
	<pubdate>&dc.date;</pubdate>
	<title>&dc.title;</title>
	<geoform>&geoform;</geoform>
	<onlink>&onlink;</onlink>
	<pubinfo>
	  <pubplace>Sacramento, CA</pubplace>
	  <publish>State of California</publish>
	</pubinfo>
      </citeinfo>
      <crossref>
	   <citeinfo>
				<origin>U.S. Department of Commerce, U.S. Census Bureau, Geography Division</origin>
				<pubdate>2007</pubdate>
				<title>TIGER/Line Shapefile, 2007, 2000 nation, U.S., 5-Digit ZIP Code Tabulation Area (ZCTA5)</title>
				<edition>2007</edition>
				<geoform>vector digital data</geoform>
				<onlink>http://www.census.gov/geo/www/tiger</onlink>
			</citeinfo>
	  </crossref>
    </citation>
    
    <descript>
    <abstract> This is a simple zipcode layer
    derived directly from the U.S. Census Bureau.
    URL:http://www.census.gov/geo/ZCTA/zctafaq.html contains fequently
    asked questions about this dataset.  These areas are The TIGER/Line Shapefiles are an extract of selected geographic and cartographic information from the Census MAF/TIGER database.  The Census MAF/TIGER database represents a seamless national file with no overlaps or gaps between parts.  However, each TIGER/Line Shapefile is designed to stand alone as an independent data set or the shapefiles can be combined to cover the whole nation.</abstract>

  <purpose>
    Zip code tabulation areas are designed to approximate the location
    of U.S. Postal zip codes.  ZCTAs are approximations of mailing ZIP
    Codes and should not be confused with them. There multiple common
    reasons why someone's ZIP Code may not match the ZCTA code, and
    these need to be considered.

    Based on the January 2000 list of ZIP Codes from the USPS's
    Delivery Type File, the ZCTA delineation process excluded 10,068 ZIP
    Codes in the United States and Puerto Rico.
  In order for others to use the information in the Census MAF/TIGER database in a geographic information system (GIS) or for other geographic applications, the Census Bureau releases to the public extracts of the database in the form of TIGER/Line Shapefiles.</purpose>

    <supplinf>&supplinf;
    </supplinf>
    </descript>

    <timeperd>
			<timeinfo>
				<rngdates>
					<begdate>200701</begdate>
					<enddate>200707</enddate>
				</rngdates>
			</timeinfo>
			<current>Publication Date</current>
		</timeperd>

  <status>
			<progress>Complete</progress>
			<update>TIGER/Line Shapefiles are extracted from the Census MAF/TIGER database.  No changes or updates will be made to this version of the TIGER/Line Shapefiles.  Future releases of TIGER/Line Shapefiles will reflect updates made to the Census MAF/TIGER database.</update>
		</status>

  &spdom;

  <keywords>
    <theme>
      <themekt>ISO 19115 Topic Categories</themekt>
      <themekey>boundaries</themekey>
    </theme>
    <theme>
      <themekt>None</themekt>
      <themekey>ZIP Code Tabulation Area</themekey>
      <themekey>ZCTA</themekey>
      <themekey>Zip Code</themekey>
    </theme>
    &place;
  </keywords>

  <accconst>None</accconst>
  <useconst>The TIGER/Line Shapefile products are not copyrighted however TIGER/Line and Census TIGER are registered trademarks of the U.S. Census Bureau.  These products are free to use in a product or publication, however acknowledgement must be given to the U.S. Census Bureau as the source.
The boundary information in the TIGER/Line Shapefiles are for statistical data collection and tabulation purposes only; their depiction and designation for statistical purposes does not constitute a determination of jurisdictional authority or rights of ownership or entitlement and they are not legal land descriptions.</useconst>

    <ptcontac>
    <cntinfo>
    <cntorgp>
      <cntorg>California Spatial Information Library</cntorg>
    </cntorgp>
    <cntemail>casil@gis.ca.gov</cntemail>
    <cntinst>
      CaSIL URL:http://gis.ca.gov/ is providing this
      dataset via an online option.  For information on the original 
      distribution, see the crossreference information.
    </cntinst>
    </cntinfo>
    </ptcontac>
    <datacred>CaSIL modified this data's spatial extent and attributes
    for it's use.  Please see use constraints for acknowledgement
    required by the U.S. Census Bureau.</datacred>
  </idinfo>

<dataqual>
	<attracc>
			<attraccr>Accurate against Federal Information Processing Standards (FIPS), FIPS Publication 6-4, and FIPS-55 at the 100% level for the codes and base names.  The remaining attribute information has been examined but has not been fully tested for accuracy.</attraccr>
		</attracc>
	<logic>The Census Bureau performed automated tests to ensure logical consistency and limits of shapefiles.  Segments making up the outer and inner boundaries of a polygon tie end-to-end to completely enclose the area.  All polygons are tested for closure.
The Census Bureau uses its internally developed geographic update system to enhance and modify spatial and attribute data in the Census MAF/TIGER database.  Standard geographic codes, such as FIPS codes for states, counties, municipalities, county subdivisions, places, American Indian/Alaska Native/Native Hawaiian areas, and congressional districts are used when encoding spatial entities.  The Census Bureau performed spatial data tests for logical consistency of the codes during the compilation of the original Census MAF/TIGER database files.  Most of the codes for geographic entities except states, counties, urban areas, Core Based Statistical Areas (CBSAs), American Indian Areas (AIAs), and congressional districts were provided to the Census Bureau by the USGS, the agency responsible for maintaining FIPS 55.  Feature attribute information has been examined but has not been fully tested for consistency.
For the TIGER/Line Shapefiles, the Point and Vector Object Count for the G-polygon SDTS Point and Vector Object Type reflects the number of records in the shapefile attribute table.  For multi-polygon features, only one attribute record exists for each multi-polygon rather than one attribute record per individual G-polygon component of the multi-polygon feature.  TIGER/Line Shapefile multi-polygons are an exception to the G-polygon object type classification.  Therefore, when multi-polygons exist in a shapefile, the object count will be less than the actual number of G-polygons.</logic>
	<complete>Data completeness of the TIGER/Line Shapefiles reflects the contents of the Census MAF/TIGER database at the time the TIGER/Line Shapefiles were created.</complete>
	
  <lineage>
    <srcinfo>
      <citation>
			<citeinfo>
				<origin>U.S. Department of Commerce, U.S. Census Bureau, Geography Division</origin>
				<pubdate>2007</pubdate>
				<title>TIGER/Line Shapefile, 2007, 2000 nation, U.S., 5-Digit ZIP Code Tabulation Area (ZCTA5)</title>
				<edition>2007</edition>
				<geoform>vector digital data</geoform>
				<onlink>http://www.census.gov/geo/www/tiger</onlink>
			</citeinfo>
		</citation>
      <srccitea>SRC</srccitea>
      <srccontr>The original data zipcode data from the Census Bureau</srccontr>
    </srcinfo>

    <procstep>
	<procdesc>The Contributed datafile was reprojected and limited
	to California.  Attributes on the zipcode polygons were also
	simplified.
	</procdesc>
	<srcused>SRC</srcused>
      <procdate>&dc.date;</procdate>
    </procstep>
  </lineage>
</dataqual>

<!-- sdinfo included in data format -->
<!-- sdref included in data format -->

<eainfo>
  <detailed>
    <enttyp>
      <enttypl>zipcodes.shp</enttypl>
      <enttypd>Census 2000 5-digit ZIP Code Tabulation Area</enttypd>
      <enttypds>U.S. Census Bureau</enttypds>
    </enttyp>
    <attr>
      <attrlabl>zipcode</attrlabl>
      <attrdef>Census 2000 5-digit ZIP code tabulation area code</attrdef>
      <attrdefs>U.S. Census Bureau</attrdefs>
      <attrdomv>
	<edom>
	  <edomv>00401 to 99950</edomv>
	  <edomvd>Five-digit ZIP code</edomvd>
	  <edomvds>U.S. Census Bureau</edomvds>
	</edom>
	<edom>
	  <edomv>004HH to 999HH</edomv>
	  <edomvd>Five-digit ZIP code unassigned (water only)</edomvd>
	  <edomvds>U.S. Census Bureau</edomvds>
	</edom>
	<edom>
	  <edomv>004XX to 999XX</edomv>
	  <edomvd>Five-digit ZIP code unassigned (land only)</edomvd>
	  <edomvds>U.S. Census Bureau</edomvds>
	</edom>
      </attrdomv>
    </attr>
    <attr>
      <attrlabl>zip5</attrlabl>
      <attrdef>Census 2000 5-digit ZIP code tabulation area code.
      Assigned regions only.</attrdef>
      <attrdefs>U.S. Census Bureau</attrdefs>
      <attrdomv>
	<edom>
	  <edomv>00401 to 99950</edomv>
	  <edomvd>Five-digit ZIP code</edomvd>
	  <edomvds>U.S. Census Bureau</edomvds>
	</edom>
      </attrdomv>
    </attr>
  </detailed>
</eainfo>

<metainfo>
  <metd>&dc.date;</metd>
  <metc>
    <cntinfo>
      <cntorgp>
        <cntorg>California Spatial Information Library</cntorg>
      </cntorgp>
      <cntemail>casil@gis.ca.gov</cntemail>
    </cntinfo>
  </metc>

  <metstdn>Content Standards for Digital Geospatial
  Metadata</metstdn>

  <metstdv>FGDC-STD-001-1998</metstdv>
</metainfo>

</metadata>
